{"cameraMode":{"drawMode":0,"name":"Shaded","section":"Shading Mode"},"sceneLighting":true,"audioPlay":false,"sceneViewState":{"showFog":false,"showMaterialUpdate":false,"showSkybox":true,"showFlares":true,"showImageEffects":true,"showParticleSystems":true},"in2DMode":false,"pivot":{"x":-3.3763065338134767,"y":4.145026206970215,"z":41.015342712402347},"rotation":{"x":-0.17059528827667237,"y":0.5507999658584595,"z":-0.11618955433368683,"w":-0.8087212443351746},"size":20.01490020751953,"orthographic":false}